sort,L1,L2,L3,L4,LC_UNQ,xnx_stability,L1-label,L2-label,L3_Label,L4_Label,L5_label,Text,details,L1_name,L2_name,L3_name,L4_name,UNQ_name,CropNoCrop,,,,,,,,,,,,,,,,,,,,
1,-100,-100,-100,-100,-100,5,,not crop,,,,         not crop,for simple data checking exercises where only crop-noCrop is needed,NoCrop,NoCrop,NoCrop,NoCrop,NoCrop,-100,,,,,,,,,,,,,,,,,,,,
2,0,-1,-1,-1,-8,0,,,,,cloud shadow,            cloud shadow,"only needed for ML masking models. Otherwise, use 0 in landcover is never observed",noData,mask,mask,mask,cloud_shadow,noData,,,,,,,,,,,,,,,,,,,,
3,0,-1,-1,-1,-4,0,,,,,cloud,            cloud,"only needed for ML masking models. Otherwise, use 0 in landcover is never observed",noData,mask,mask,mask,cloud,noData,,,,,,,,,,,,,,,,,,,,
4,0,-1,-1,-2,-2,0,,,,,haze,            haze,"only needed for ML masking models. Otherwise, use 0 in landcover is never observed",noData,mask,mask,haze,haze,noData,,,,,,,,,,,,,,,,,,,,
5,0,-1,-1,-1,-1,0,,Mask,,,,       Mask,Individual image mask -- converted to nodata in processing,noData,mask,mask,mask,mask,noData,,,,,,,,,,,,,,,,,,,,
6,0,0,0,0,0,0,nodata or unknown,,,,,nodata or unknown, ------ (this is just a placeholder for pixels not yet inspected),noData,noData,noData,noData,noData,noData,,,,,,,,,,,,,,,,,,,,
7,10,10,10,10,10,,NoVeg,,,,,NoVeg,"nonvegetated area (<20% veg) -- unknown if water, bare or built",NoVeg,NoVeg_any,NoVeg_any,NoVeg_any,NoVeg_any,-100,,,,,,,,,,,,,,,,,,,,
8,10,20,20,20,20,3,,NoVeg_Bare,,,,     NoVeg_Bare,Bare soil or rock or sand throughout the year (NOT part of crop cycle),NoVeg,NoVeg_Bare,bare,bare,bare,-100,,,,,,,,,,,,,,,,,,,,
9,10,20,1,1,1,10,,,ice or permanent snow,,,          ice or permanent snow,,NoVeg,NoVeg_Bare,ice,ice_perm,ice_perm,-100,,,,,,,,,,,,,,,,,,,,
10,10,40,40,4,4,10,,,"water body, frozen at observation",,,"          water body, frozen at observation",,NoVeg,NoVeg_Bare,ice,ice_temp,ice_temp,-100,,,,,,,,,,,,,,,,,,,,
11,0,0,0,8,8,0,,,temporarily covered in snow,,,          temporarily covered in snow,,noData,noData,snow,snow_temp,snow_temp,noData,,,,,,,,,,,,,,,,,,,,
12,0,0,0,28,28,0,,,heavily shaded no or low veg,,,          heavily shaded no or low veg,"shaded by landscape  or  structures on ground, not clouds",noData,noData,noData,shade,shade,noData,,,,,,,,,,,,,,,,,,,,
13,10,20,2,2,2,5,,,sand or rock,,,sand or rock,,NoVeg,NoVeg_Bare,sand or rock,sand_rock,sand_rock,-100,,,,,,,,,,,,,,,,,,,,
14,10,20,2,5,5,5,,,,rock,,          rock,,NoVeg,NoVeg_Bare,sand or rock,rock,rock_any,-100,,,,,,,,,,,,,,,,,,,,
15,10,20,2,5,6,5,,,,,"rock, slab, natural (e.g. montane)","                rock, slab, natural (e.g. montane)",,NoVeg,NoVeg_Bare,sand or rock,rock,rock_slab,-100,,,,,,,,,,,,,,,,,,,,
16,10,20,2,5,25,5,,,,,gravel  or  small rocks,                gravel  or  small rocks,,NoVeg,NoVeg_Bare,sand or rock,rock,rock_gravel,-100,,,,,,,,,,,,,,,,,,,,
17,10,20,2,5,3,5,,,,,rock quarry,                rock quarry,,NoVeg,NoVeg_Bare,sand or rock,rock,rock_quarry,-100,,,,,,,,,,,,,,,,,,,,
18,10,20,2,12,12,5,,,,sand,,          sand,,NoVeg,NoVeg_Bare,sand or rock,sand,sand_any,-100,,,,,,,,,,,,,,,,,,,,
19,10,20,2,12,11,5,,,,,"dry sand, (no regular flooding)","                dry sand, (no regular flooding)","natural, no regular tidal or seasonal flooding",NoVeg,NoVeg_Bare,sand or rock,sand,sand_dry,-100,,,,,,,,,,,,,,,,,,,,
20,10,20,2,12,19,3,,,,,desertification,                  desertification,"sandy bare soil, had vegetation in past",NoVeg,NoVeg_Bare,sand or rock,sand,desertification,-100,,,,,,,,,,,,,,,,,,,,
21,10,20,2,14,14,5,,,,tidal or sandy or rocky littoral zone,,                 tidal or sandy or rocky littoral zone,both water and dry in year - tidal zone or river bed,NoVeg,NoVeg_Bare,sand or rock,wetdry_bare,rockSand_wet,-100,,,,,,,,,,,,,,,,,,,,
22,10,20,2,14,18,5,,,,,salt bed,                 salt bed,dry at observation or fluctuating wet or dry in a composite,NoVeg,NoVeg_Bare,saltbed_dry,saltbed_dry,saltbed,-100,,,,,,,,,,,,,,,,,,,,
23,10,20,22,22,22,3,,,bare dirt,,,          bare dirt,,NoVeg,NoVeg_Bare,dirt_any,dirt_any,dirt_any,-100,,,,,,,,,,,,,,,,,,,,
24,10,20,22,13,13,3,,,,bare dirt - developed (residential  or  rd  or  infrastructure,,                bare  developed (residential  or  rd  or  infrastructure),,NoVeg,NoVeg_Bare,dirt,dirt_dev,dirt_dev,-100,,,,,,,,,,,,,,,,,,,,
25,10,20,22,13,21,5,,,,,     dirt road,                        dirt road,,NoVeg,NoVeg_Bare,dirt,dirt_dev,road_dirt,-100,,,,,,,,,,,,,,,,,,,,
26,10,20,22,15,15,5,,,,"bare dirt, natural, long term",,"                 natural, long term bare area",,NoVeg,NoVeg_Bare,dirt,dirt_nat,dirt_nat,-100,,,,,,,,,,,,,,,,,,,,
27,10,20,22,29,29,1,,,,"bare dirt, from erosion  or  landslide",,                 erosion  or  landslide,,NoVeg,NoVeg_Bare,dirt,bare_erosion,bare_erosion,-100,,,,,,,,,,,,,,,,,,,,
28,10,20,22,29,9,3,,,,,deep bare gully or ravine or 'donga',                       deep bare gully or ravine or 'donga',,NoVeg,NoVeg_Bare,dirt,bare_erosion,bare_gully,-100,,,,,,,,,,,,,,,,,,,,
29,10,20,22,16,16,3,,,,"crusted soil, e.g. glacis",,"                 crusted soil, e.g. glacis",,NoVeg,NoVeg_Bare,dirt,glacis,glacis,-100,,,,,,,,,,,,,,,,,,,,
30,10,30,23,23,23,3,,,developed village area,,,            developed village area ,mostly mud or thatched materials,NoVeg,NoVeg_Built,village,village,village,-100,,,,,,,,,,,,,,,,,,,,
31,10,20,24,24,24,5,,,mudflat,,,            mudflat,,NoVeg,NoVeg_Bare,mudflat,mudflat,mudflat,-100,,,,,,,,,,,,,,,,,,,,
32,10,20,17,17,17,0,,,temporary bare - ag rest of year ,,,            temporarily bare - ag rest of year ,"For snapshot classification; for annual classification, use crop class",NoVeg,NoVeg_Bare,ag_bare,ag_bare_any,ag_bare_any,-100,,,,,,,,,,,,,,,,,,,,
33,10,20,17,17,26,0,,,,      harvested crop - cuttings or crop residue present,,                     harvested crop,cuttings or crop residue present,NoVeg,NoVeg_Bare,ag_bare,ag_harvested,ag_harvested,-100,,,,,,,,,,,,,,,,,,,,
34,10,20,17,17,7,0,,,,      tilled soil  or  recently planted crop,,                     tilled soil or recently planted crop,,NoVeg,NoVeg_Bare,ag_bare,ag_tilled,ag_tilled,-100,,,,,,,,,,,,,,,,,,,,
35,10,20,27,27,27,1,,,cleared - previously med-highveg,,,            cleared - previously med-highveg,"Med or High vegetation has been cleared witin the year, but no other land use is evident. Debris  or  dead veg usually visible",NoVeg,NoVeg_Bare,cleared,cleared,cleared,-100,,,,,,,,,,,,,,,,,,,,
36,10,30,30,30,30,10,,NoVeg_Built,,,,     NoVeg_Built,,NoVeg,NoVeg_Built,built,built,built,-100,,,,,,,,,,,,,,,,,,,,
37,10,30,33,33,32,10,,,concrete or pavement or asphalt,,,           concrete or pavement or asphalt,,NoVeg,NoVeg_Built,concrete,concrete_any,concrete_any,-100,,,,,,,,,,,,,,,,,,,,
38,10,30,31,31,31,10,,,,paved road,,                 paved road,,NoVeg,NoVeg_Built,concrete,road_paved,road_paved,-100,,,,,,,,,,,,,,,,,,,,
39,10,30,34,34,34,10,,,bridge or port or dock,,,          bridge or port or dock,both water and built in pixel,NoVeg,NoVeg_Built,concrete,bridge,bridge,-100,,,,,,,,,,,,,,,,,,,,
40,10,30,38,38,38,10,,,"roofing materials (non-metal, mixed or unknown) ",,,"          roofing materials (non-metal, mixed or unknown) ",,NoVeg,NoVeg_Built,roofing,roof,roof,-100,,,,,,,,,,,,,,,,,,,,
41,10,30,32,35,35,10,,,,zinc - tin roofing,,                zinc - tin roofing,80-100% built materials,NoVeg,NoVeg_Built,roofing,metal,metal,-100,,,,,,,,,,,,,,,,,,,,
42,10,30,36,36,36,10,,,"mixed development, medium intsensity",,,"          mixed development, medium intsensity","50-79% built material (typically residential, but depends on resolution)",NoVeg,NoVeg_Built,built_mix_medden,built_mix_medden,built_mix_medden,-100,,,,,,,,,,,,,,,,,,,,
43,10,30,33,33,33,10,,,mixed industrial,,,"           mixed development,  industrial","80-100% mixed built material (typically commercial or industrial, but depends on resolution)",NoVeg,NoVeg_Built,built_mix_highden,built_mix_highden,built_mix_highden,-100,,,,,,,,,,,,,,,,,,,,
44,10,30,37,37,37,10,,,irrigation or drainage infrastructure,,,           irrigation or drainage infrastructure,,NoVeg,NoVeg_Built,built_aquainfrastruct,aqua_infrastructure,aqua_infrastructure,-100,,,,,,,,,,,,,,,,,,,,
45,10,30,39,39,39,10,,,"mining or extraction pit, dry",,,"           mining or extraction pit, dry",,NoVeg,NoVeg_Built,built_mining,mine,mine,-100,,,,,,,,,,,,,,,,,,,,
46,10,40,40,40,40,10,,NoVeg_Water,,,,     NoVeg_Water,,NoVeg,NoVeg_Water,water,water,water,-100,,,,,,,,,,,,,,,,,,,,
47,10,40,42,42,42,10,,,ocean,,,            ocean,,NoVeg,NoVeg_Water,ocean,ocean,ocean,-100,,,,,,,,,,,,,,,,,,,,
48,10,40,41,41,41,10,,,river,,,            river,,NoVeg,NoVeg_Water,river,river,river,-100,,,,,,,,,,,,,,,,,,,,
49,10,40,43,43,43,10,,,swimming pool,,,            swimming pool,,NoVeg,NoVeg_Water,pool,pool_urban,pool_urban,-100,,,,,,,,,,,,,,,,,,,,
50,10,40,44,44,44,10,,,seasonal pond,,,             seasonal pond,wet at least 4 months of year,NoVeg,NoVeg_Water,water_seasonal,water_seasonal,water_seasonal,-100,,,,,,,,,,,,,,,,,,,,
51,10,40,45,45,45,10,,,lake or pond,,,             lake or pond,water is present in pixel all year,NoVeg,NoVeg_Water,lake,lake,lake,-100,,,,,,,,,,,,,,,,,,,,
52,10,40,46,46,46,10,,,estuarie or brackish water,,,             estuarie or brackish water,,NoVeg,NoVeg_Water,estuarie,estuarie,estuarie,-100,,,,,,,,,,,,,,,,,,,,
53,10,40,47,47,47,5,,,aquaculture,,,             aquaculture,,NoVeg,NoVeg_Water,aquaculture,aquaculture,aquaculture,-100,,,,,,,,,,,,,,,,,,,,
54,10,40,48,48,48,0,,,unusual flooding,,,             unusual flooding,,NoVeg,NoVeg_Water,flooded,flooded,flooded,-100,,,,,,,,,,,,,,,,,,,,
55,10,40,49,49,49,5,,,mining or extraction or toxic waste pool (wet),,,           mining or extraction or toxic waste pool (wet),,NoVeg,NoVeg_Built,built_mining,pool_industrial,pool_industrial,-100,,,,,,,,,,,,,,,,,,,,
56,10,50,50,50,50,5,,Mixed_lowVegNoVeg,,,,       Mixed_lowVegNoVeg,>20% NoVeg_bareorbuilt and >30% LowVeg (and not Built or TreePlant_new) ,NoVeg,Mixed_LowNo,mixed_LowNo,mixed_LowNo,mixed_LowNo,-100,,,,,,,,,,,,,,,,,,,,
57,10,50,58,52,52,5,,,rock with some vegetation,,,             rock with some vegetation,>=50% rock with >=30% low vegetation or 5-30% high vegetation,NoVeg,Mixed_LowNo,rock_veg,rock_veg,rock_veg,-100,,,,,,,,,,,,,,,,,,,,
58,10,50,53,53,53,5,,,"developed, low intensity",,,"             developed, low intensity",20-50% impervious surface,NoVeg,Mixed_LowNo,built_mix_lowden,built_mix_lowden,built_mix_lowden,-100,,,,,,,,,,,,,,,,,,,,
59,10,50,57,57,57,5,,,"developed, open space",,,"             developed, open space","mostly low veg or bare, but up tp 20% built material",NoVeg,Mixed_LowNo,mixed_low_built,mixed_low_built,mixed_low_built,-100,,,,,,,,,,,,,,,,,,,,
60,10,50,70,55,55,5,,,grass with bare,,,             mixed low veg and bare,>30% NoVeg_bareorbuilt and >30% LowVeg (and not Built or TreePlant_new) ,NoVeg,Mixed_LowNo,grass_any,grass_bare,grass_bare,-100,,,,,,,,,,,,,,,,,,,,
61,10,50,70,55,51,5,,,,mixed-path,,                   mixed-path,bare patches follow linear pattern -- veg could be other low or even med depending on mapping purpose,NoVeg,Mixed_LowNo,mixed_path,mixed_path,mixed_path,-100,,,,,,,,,,,,,,,,,,,,
62,60,50,70,55,58,5,,,,grass with patches of bare soil,,                   grass with patches of bare soil,>=50% grass with >=30% bare,LowVeg,Mixed_LowNo,grass_any,grass_bare,grass_bare,-100,,,,,,,,,,,,,,,,,,,,
63,60,50,70,55,72,5,,,,grass with rocks,,                   grass with rocks,>=50% grass with >=30% rocks,LowVeg,Mixed_LowNo,grass_any,grass_bare,grass_rocks,-100,,,,,,,,,,,,,,,,,,,,
64,60,50,70,55,71,5,,,,thin grass,,                   thin grass,thin layer of grass or low veg over hard substrate,LowVeg,Mixed_LowNo,grass_any,grass_bare,grass_thin,-100,,,,,,,,,,,,,,,,,,,,
65,60,50,70,55,79,5,,,,grass with termite or ant mounds,,                   grass with termite or ant mounds,,LowVeg,Mixed_LowNo,grass_any,grass_bare,grass_nests,-100,,,,,,,,,,,,,,,,,,,,
66,60,50,54,54,54,5,,,seagrass,,,             seagrass,,LowVeg,Mixed_LowNo,seagrass,seagrass,seagrass,-100,,,,,,,,,,,,,,,,,,,,
67,60,50,56,56,56,5,,,low littoral vegetation,,,             low littoral vegetation,">30% water and >30% low veg, or low, littoral vegetation that is flooded during year",LowVeg,Mixed_LowNo,water_edge,water_edge,water_edge,-100,,,,,,,,,,,,,,,,,,,,
68,60,50,59,59,59,0,,,tumbleweed,,,             tumbleweed,,LowVeg,Mixed_LowNo,tumbleweed,tumbleweed,tumbleweed,-100,,,,,,,,,,,,,,,,,,,,
69,60,60,60,60,60,5,LowVeg,,,,,LowVeg,,LowVeg,LowVeg_any,LowVeg_any,LowVeg_any,LowVeg_any,-100,,,,,,,,,,,,,,,,,,,,
70,60,66,66,66,66,5,,"non-grass herbaceous veg (e.g. ferns,forbs)",,,,"        non-grass herbaceous veg (e.g. ferns, forbs)",upland -- not regularly flooded,LowVeg,LowVeg_nongrass,lowVeg_nongrass,lowVeg_nongrass,lowVeg_nongrass,-100,,,,,,,,,,,,,,,,,,,,
71,60,66,62,62,62,5,,,coastal strand or scrub,,,              coastal strand or scrub,,LowVeg,LowVeg_nongrass,lowVeg_nongrass,lowVeg_coastal,lowVeg_coastal,-100,,,,,,,,,,,,,,,,,,,,
72,60,66,69,69,69,5,,,invasive herbaceous vegetation,,,              invasive herbaceous vegetation,,LowVeg,LowVeg_nongrass,lowVeg_invasive,lowVeg_invasive,lowVeg_invasive,-100,,,,,,,,,,,,,,,,,,,,
73,60,66,64,64,64,5,,"herbaceous wetland (fen, bog, marsh)",,,,"        herbaceous wetland (fen, bog, marsh)",,LowVeg,LowVeg_wet,lowVeg_wet,lowVeg_wet,lowVeg_wet,-100,,,,,,,,,,,,,,,,,,,,
74,60,64,64,64,61,5,,,riparian herbacious vegetation,,,              riparian herbacious vegetation,"not much water present and not regularly flooded, but along stream or runoff channel",LowVeg,LowVeg_wet,LowVeg_wet,rip_low,rip_low,-100,,,,,,,,,,,,,,,,,,,,
75,60,64,64,64,65,5,,,freshwater grass marsh or wet prairie,,,               freshwater grass marsh or wet prairie,,LowVeg,LowVeg_wet,lowVeg_wet,lowVeg_wet,marsh_fresh,-100,,,,,,,,,,,,,,,,,,,,
76,60,64,64,64,63,5,,,salt marsh,,,                salt marsh,,LowVeg,LowVeg_wet,lowVeg_wet,lowVeg_wet,marsh_salt,-100,,,,,,,,,,,,,,,,,,,,
77,60,64,64,64,68,5,,,pond slough (mixed water or floating veg.),,,               pond slough (mixed water or floating veg.)," >50% floating veg (algae, hyacinth, etc.)",LowVeg,LowVeg_wet,LowVeg_wet,water_veg,water_veg,-100,,,,,,,,,,,,,,,,,,,,
78,60,67,67,67,67,1,,weedy growth or fallowed crop,,,,         weedy growth or fallowed crop,anthropogenic land use (e.g. crop) within last 3 yrs,LowVeg,LowVeg_regrowth,lowVeg_nongrass,fallow_weeds,fallow_weeds,-100,,,,,,,,,,,,,,,,,,,,
79,60,67,67,77,77,3,,, grass dominated secondary succession,,,                      grass dominated secondary succession,has been cropland or other anthropogenic land use within last 10 years,LowVeg,Grass,grass_mod,fallow_grass,fallow_grass,-100,,,,,,,,,,,,,,,,,,,,
80,60,67,67,77,82,3,,,,abandoned or wild sugarcane,,                     abandoned or wild sugarcane,(e.g. Saccharum spontaneum),LowVeg,Grass,grass_mod,fallow_grass,abandoned sugarcae,-100,,,,,,,,,,,,,,,,,,,,
81,60,70,70,70,70,10,,grass,,,,         grass,"grass,  <30% tree cover -- unknown if planted or natural",LowVeg,Grass,grass_any,grass_any,grass_any,-100,,,,,,,,,,,,,,,,,,,,
82,60,70,73,73,73,10,,,sports field or golf course or irrigated lawn,,,              sports field or golf course or irrigated lawn,,LowVeg,Grass,grass_built,grass_built,grass_built,-100,,,,,,,,,,,,,,,,,,,,
83,60,70,64,74,74,10,,,seasonally flooded grassland,,,              seasonally flooded grassland,natural grassland that is flooded at some point in year,LowVeg,Grass,grass_flooded,grass_flooded,grass_wet,-100,,,,,,,,,,,,,,,,,,,,
84,60,70,75,75,75,10,,,natural or  minimally altered grass,,,              natural or  minimally altered grass,,LowVeg,Grass,grass_nat,grass_nat_any,grass_nat_any,-100,,,,,,,,,,,,,,,,,,,,
85,60,70,75,75,76,10,,,,"natural primary grassland, steppe , prairie, etc.",,"                     natural grassland, steppe","few trees, no or minimal livestock grazing - (may be grazed by wild animals)",LowVeg,Grass,grass_nat,grassland,grassland,-100,,,,,,,,,,,,,,,,,,,,
86,60,70,75,75,78,10,,,,natural savanna,,                     natural savanna,"up to 30% trees, no or minimal livestock grazing",LowVeg,Grass,grass_nat,savanna,savanna,-100,,,,,,,,,,,,,,,,,,,,
87,60,70,75,80,80,5,,,managed pasture or commonly used rangeland,,,             managed pasture or commonly used rangeland,pasture with notable grazing or signs of maintenance. <30% tree cover,LowVeg,Grass,grass_any,pasture,pasture_any,-100,,,,,,,,,,,,,,,,,,,,
88,60,70,75,80,81,5,,,,sustainably grazed natural grassland,,                     sustainably grazed natural grassland,,LowVeg,Grass,grass_nat,pasture,pasture_sustain,-100,,,,,,,,,,,,,,,,,,,,
89,60,70,75,80,88,0,,,,temporarily rested pasture,,                     temporarily rested pasture,"No active management visible. Signs of active grazing in other years, but not current year. ",LowVeg,Grass,grass_nat,pasture,pasture_resting,-100,,,,,,,,,,,,,,,,,,,,
90,60,70,85,85,85,1,,,new or heavily modified grassland,,,,,LowVeg,Grass,grass_mod,grass_mod,grass_mod,-100,,,,,,,,,,,,,,,,,,,,
91,60,70,85,80,83,3,,,,heavily used pasture,,                    heavily used pasture,"very visible signs of grazing, includes enclosures with livestock frequently visible",LowVeg,Grass,grass_mod,pasture,pasture_highuse,-100,,,,,,,,,,,,,,,,,,,,
92,60,70,85,80,84,3,,,,planted or fertilized pasture,,                     planted or fertilized pasture,grass with infrastructure or structural or phylogenetic patterns that indicate it has been planted,LowVeg,Grass,grass_mod,pasture,pasture_plant,-100,,,,,,,,,,,,,,,,,,,,
93,60,70,85,80,87,3,,,,pasture with temporary  cover crop or hay,,                     temporary  cover crop or hay,cover crop grown for <3 months of year. Grass rest of year. Grazed within year,LowVeg,Grass,grass_mod,pasture,pasture_cover,-100,,,,,,,,,,,,,,,,,,,,
94,60,70,85,80,108,3,,,,intensive hay proudction,,                     intensive hay proudction,"may be grazed, but hay or fodder growing most of year",LowVeg,Grass,grass_mod,pasture,pasture_hay,100,,,,,,,,,,,,,,,,,,,,
95,60,70,85,80,89,3,,,,invasive grass,,                     invasive grass,obstructing natural processes(e.g. elephant grass(Pennisetum purpureum)),LowVeg,Grass,grass_mod,grass_invasive,grass_invasive,-100,,,,,,,,,,,,,,,,,,,,
96,60,90,90,90,90,5,,mixed lowVeg,,,,          mixed lowVeg,> 30% each,LowVeg,LowVeg_mix,LowVeg_mix,LowVeg_mix,LowVeg_mix,-100,,,,,,,,,,,,,,,,,,,,
97,60,70,70,86,86,5,,,grass mixed with other low veg,,,        grass mixed with other low veg,"> 30% grass, >30% other low veg",LowVeg,LowVeg_grass_mix,lowVeg_grass_mix,lowVeg_grass_mix,lowVeg_grass_mix,-100,,,,,,,,,,,,,,,,,,,,
98,60,70,70,86,91,5,,,,grass edge,,            grass edge,">50% Grass, but mixed with other veg or shaded by trees. Can contain trees if grass-forest border (if grass and trees are intermixed, use Grass-tree mix)",LowVeg,LowVeg_mix,grass_edge,grass_edge,grass_edge,-100,,,,,,,,,,,,,,,,,,,,
99,60,90,92,92,92,0,,,excessive moribund or fuel load,,,            excessive moribund or fuel load,,LowVeg,LowVeg_mix,fuel_load,fuel_load,fuel_load,-100,,,,,,,,,,,,,,,,,,,,
100,60,90,95,95,95,0,,,burned herbaceous vegetation,,,            burned herbaceous vegetation,,LowVeg,LowVeg_mix,char_low,char_low,burnt_low,-100,,,,,,,,,,,,,,,,,,,,
101,60,90,95,95,93,0,,,,fire break or controlled prescriptive burn,,                 fire break or controlled prescriptive burn,,LowVeg,LowVeg_mix,char_low,char_low,burnt_low_mgmt,-100,,,,,,,,,,,,,,,,,,,,
102,90,90,95,95,94,0,,,,wet or low severity burn,,                 wet or low severity burn,burning event occurs after first major rains of wet season,LowVeg,LowVeg_mix,char_low,char_low,burnt_low_min,-100,,,,,,,,,,,,,,,,,,,,
103,90,90,95,95,99,0,,,,"high severity, uncontrolled burn",,"                 high severity, uncontrolled burn",,LowVeg,LowVeg_mix,char_low,char_low,burnt_low_max,-100,,,,,,,,,,,,,,,,,,,,
104,60,100,96,96,96,5,,,crop edge,,,       crop edge,">50% LowCrop, but mixed with other veg or bare at edge of field",LowVeg,LowVeg_mix,crop_edge,crop_edge,crop_edge,100,,,,,,,,,,,,,,,,,,,,
105,60,100,97,97,97,5,,,shifting agriculture system (crop with pasture or low fallow),,,       shifting agriculture system (crop with pasture or low fallow),"For multi-year map. Fluctuates between crop and non-crop between years, but does not grow beyond medVeg",LowVeg,TreePlant,treeplant_new,treeplant_new,treeplant_new,100,,,,,,,,,,,,,,,,,,,,
106,60,100,98,98,98,1,,,new orchard or tree plantation,,,       new orchard or tree plantation,Planted trees (tree plantation or orchard) <1 year,LowVeg,TreePlant,treeplant_new,treeplant_new,treeplant_new,100,,,,,,,,,,,,,,,,,,,,
107,60,100,100,100,100,3,,crop,,,,          crop,any crop,LowVeg,Crop,crop_any,crop_any,crop_any,100,,,,,,,,,,,,,,,,,,,,
108,60,100,101,101,101,3,,annual crop,,,,           annual crop,"unknown annual crop, can be rainfed in maps contrasting with irrigated (104)",LowVeg,LowCrop,lowveg_crop,lowveg_crop,lowveg_crop,100,,,,,,,,,,,,,,,,,,,,
109,60,100,101,104,104,5,,Irrigated or consistant herbaceous crop - general,,,,    Irrigated or consistant herbaceous crop - general,"For multi-yr maps, use for locations that are repeatedly homogeneous crops. For single-year maps, use for irrigated crops if distinguishing vs rainfed",LowVeg,LowCrop,crop_irrigated,crop_irrigated,crop_irrigated,100,,,,,,,,,,,,,,,,,,,,
110,60,100,101,105,105,5,,,Cereal - general,,,                cereal - general,,LowVeg,LowCrop,crop_cereal,crop_cereal_any,crop_cereal_any,100,,,,,,,,,,,,,,,,,,,,
111,60,100,101,107,107,5,,,,soybean-maize-wheat,,                      soybean-maize-wheat,,LowVeg,LowCrop,crop_cereal,soy_maize_wheat,soy_maize_wheat,100,,,,,,,,,,,,,,,,,,,,
112,60,100,101,103,103,3,,,,,soybean,                             soybean,,LowVeg,LowCrop,crop_cereal,soy_maize_wheat,soy_maize_wheat,100,,,,,,,,,,,,,,,,,,,,
113,60,100,101,102,106,3,,,,,maize,                             maize,"For annual maps, only use if corn in the main cropping season",LowVeg,LowCrop,crop_cereal,soy_maize_wheat,maize,100,,,,,,,,,,,,,,,,,,,,
114,60,100,101,102,102,3,,,,,wheat,                             wheat,"For annual maps, only use if wheat in the main cropping season",LowVeg,LowCrop,crop_cereal,soy_maize_wheat,wheat,100,,,,,,,,,,,,,,,,,,,,
115,60,100,101,110,110,2,,,,sorghum or millet,,                      sorghum or millet,,LowVeg,LowCrop,crop_cereal,crop_sorg_mil,sorghum_millet,100,,,,,,,,,,,,,,,,,,,,
116,60,100,101,110,111,2,,,,,sorghum,                             sorghum,,LowVeg,LowCrop,crop_cereal,crop_sorg_mil,sorghum,100,,,,,,,,,,,,,,,,,,,,
117,60,100,101,110,112,2,,,,,millet,                             millet,,LowVeg,LowCrop,crop_cereal,crop_sorg_mil,millet,100,,,,,,,,,,,,,,,,,,,,
118,60,100,101,105,113,2,,,,barley,,                      barley,,LowVeg,LowCrop,crop_cereal,barley,barley,100,,,,,,,,,,,,,,,,,,,,
119,60,100,101,105,114,3,,,,rice,,                      rice,,LowVeg,LowCrop,crop_cereal,rice,rice,100,,,,,,,,,,,,,,,,,,,,
120,60,100,101,105,115,2,,,,oats,,                      oats,,LowVeg,LowCrop,crop_cereal,oats,oats,100,,,,,,,,,,,,,,,,,,,,
121,60,100,101,105,116,2,,,,rye,,                      rye,,LowVeg,LowCrop,crop_cereal,rye,rye,100,,,,,,,,,,,,,,,,,,,,
122,60,100,101,123,123,2,,,oilseeds,,,                      oilseeds,,LowVeg,LowCrop,crop_seed,oilseed,oilseed,100,,,,,,,,,,,,,,,,,,,,
123,60,100,101,123,117,2,,,,rapeseed or canola,,                            rapeseed or canola,,LowVeg,LowCrop,crop_seed,sunflower,sunflower,100,,,,,,,,,,,,,,,,,,,,
124,60,100,101,123,118,2,,,,sesame,,                             sesame,,LowVeg,LowCrop,crop_seed,sesame,sesame,100,,,,,,,,,,,,,,,,,,,,
125,60,100,101,123,119,2,,,,poppy,,                             poppy,,LowVeg,LowCrop,crop_seed,poppy,poppy,100,,,,,,,,,,,,,,,,,,,,
126,60,100,101,123,120,2,,,,sunflower,,                             sunflower,,LowVeg,LowCrop,crop_seed,sunflower,sunflower,100,,,,,,,,,,,,,,,,,,,,
127,60,100,101,121,121,2,,,cucurbits,,,                       cucurbits,,LowVeg,LowCrop,crop_cucurbit,cucurbits,cucurbits,100,,,,,,,,,,,,,,,,,,,,
128,60,100,101,121,122,2,,,,squash or pumpkin,,                            squash or pumpkin,,LowVeg,LowCrop,crop_cucurbit,squash,squash,100,,,,,,,,,,,,,,,,,,,,
129,60,100,101,121,124,2,,,,melon,,                            melon,,LowVeg,LowCrop,crop_cucurbit,melow,melow,100,,,,,,,,,,,,,,,,,,,,
130,60,100,101,125,125,2,,,root or tuber crops,,,                      root or tuber crops,,LowVeg,LowCrop,crops_tubers,crops_tubers,crops_tubers,100,,,,,,,,,,,,,,,,,,,,
131,60,100,101,125,109,2,,,,beet,,                            beet,,LowVeg,LowCrop,crops_tubers,crop_beet,beet,100,,,,,,,,,,,,,,,,,,,,
132,60,100,101,125,126,2,,,,sweet potato or yam,,                           sweet potato or yam,,LowVeg,LowCrop,crops_tubers,yam,yam,100,,,,,,,,,,,,,,,,,,,,
133,60,100,101,125,128,2,,,,potato,,                           potato,,LowVeg,LowCrop,crops_tubers,potato,potato,100,,,,,,,,,,,,,,,,,,,,
134,60,100,101,125,127,2,,,,onion,,                            onion,,LowVeg,LowCrop,crops_tubers,onion,onion,100,,,,,,,,,,,,,,,,,,,,
135,60,100,101,129,129,2,,,tobacco,,,                      tobacco,,LowVeg,LowCrop,crop_tobacco,tobacco,tobacco,100,,,,,,,,,,,,,,,,,,,,
136,60,100,101,130,130,2,,,non-soy legumes,,,                      non-soy legumes,,LowVeg,LowCrop,crop_legume,legume_non_soy,legume_non_soy,100,,,,,,,,,,,,,,,,,,,,
137,60,100,101,130,131,2,,,,beans,,                              beans,,LowVeg,LowCrop,crop_legume,beans,beans,100,,,,,,,,,,,,,,,,,,,,
138,60,100,101,130,132,2,,,,peanuts,,                             peanuts,,LowVeg,LowCrop,crop_legume,peanuts,peanuts,100,,,,,,,,,,,,,,,,,,,,
139,60,100,101,133,133,2,,,horticulture or small vegetables,,,                     horticulture or small vegetables,small beds,LowVeg,LowCrop,crop_hort,horticulture,horticulture,100,,,,,,,,,,,,,,,,,,,,
140,60,100,101,133,134,2,,,,greenhouse,,                            greenhouse,greenhouse or tarp structure for at least part of year,LowVeg,LowCrop,crop_hort,crop_greenhouse,crop_greenhouse,100,,,,,,,,,,,,,,,,,,,,
141,60,100,101,133,135,2,,,,flowers,,                            flowers,,LowVeg,LowCrop,crop_hort,horticulture,crop_flowers,100,,,,,,,,,,,,,,,,,,,,
142,60,100,101,133,136,2,,,,strawberries,,                            strawberries,,LowVeg,LowCrop,crop_hort,horticulture,strawberries,100,,,,,,,,,,,,,,,,,,,,
143,60,100,101,138,138,2,,,smallholder crops,,,                    smallholder crops,for smallholder vs. largeholder mapping. Requires data on field size,LowVeg,LowCrop,crop_rainfed_homo,crop_rainfed_homo,crop_rainfed_homo,100,,,,,,,,,,,,,,,,,,,,
144,60,100,101,138,137,2,,,,mixed crop,,                             mixed crop,multiple crops within pixel or plot configuration changes during year.,LowVeg,LowCrop,crop_mixed_small,crop_mixed_small,crop_mixed_small,100,,,,,,,,,,,,,,,,,,,,
145,60,100,95,139,139,0,,,burned crop residue,,,                    burned crop residue,,LowVeg,LowCrop,crop_burned,crop_burned,crop_burned,100,,,,,,,,,,,,,,,,,,,,
146,60,100,140,140,140,5,,semi-perennial or perennial crop,,,,          semi-perennial or perennial crop,,LowVeg,LowCrop,PerennialCrop,PerennialCrop,PerennialCrop,100,,,,,,,,,,,,,,,,,,,,
147,60,100,140,141,141,5,,,cotton,,,                    cotton,,LowVeg,LowCrop,PerennialCrop,cotton,cotton,100,,,,,,,,,,,,,,,,,,,,
148,60,100,140,142,142,5,,,alfalfa,,,                    alfalfa,"perennial, grown year round, can be harvested 3-5 times per yr",LowVeg,LowCrop,PerennialCrop,,alfalfa,100,,,,,,,,,,,,,,,,,,,,
149,60,100,140,143,143,5,,,sugar,,,                    sugar,,LowVeg,LowCrop,PerennialCrop,sugar,sugar,100,,,,,,,,,,,,,,,,,,,,
150,60,100,140,144,144,5,,,,sugar - irrigated,,                         sugar - irrigated,,LowVeg,LowCrop,PerennialCrop,sugar_irrigated,sugar_irrigated,100,,,,,,,,,,,,,,,,,,,,
151,60,100,140,145,145,5,,,,sugar - rainfed,,                         sugar - rainfed,,LowVeg,LowCrop,PerennialCrop,sugar_rainfed,sugar_rainfed,100,,,,,,,,,,,,,,,,,,,,
152,60,100,140,146,146,5,,,pineapple,,,                    pineapple,,LowVeg,LowCrop,PerennialCrop,pineapple,pineapple,100,,,,,,,,,,,,,,,,,,,,
153,60,100,140,147,147,2,,,cassava,,,                    cassava,Mandioca -- Cassava -- Yucca,LowVeg,LowCrop,PerennialCrop,cassava,cassava,100,,,,,,,,,,,,,,,,,,,,
154,160,100,140,148,148,2,,,banana or plantain,,,                    banana or plantain,,LowVeg,LowCrop,PerennialCrop,banana,banana,100,,,,,,,,,,,,,,,,,,,,
155,160,160,160,160,160,5,MedVeg,,,,,MedVeg,,MedVeg,MedVeg_any,MedVeg_any,medVeg_any,medVeg_any,100,,,,,,,,,,,,,,,,,,,,
156,160,100,150,150,150,5,,permanent shrub crops,,,,              permanent shrub crops,unknown or other shrubby perrenial crops,MedVeg,ShrubCrop,shrub_crop,shrub_crop,shrub_crop,100,,,,,,,,,,,,,,,,,,,,
157,160,100,150,151,151,5,,,Tea,,,                     tea,,MedVeg,ShrubCrop,crop_tea,tea,tea,100,,,,,,,,,,,,,,,,,,,,
158,160,100,150,152,152,5,,,,yerba-mate,,                     yerba-matte,,MedVeg,ShrubCrop,crop_tea,yerba-mate,yerba-mate,100,,,,,,,,,,,,,,,,,,,,
159,160,100,150,153,153,5,,,vienyard,,,                     vineyard,,MedVeg,ShrubCrop,crop_grape,vineyard,vineyard,100,,,,,,,,,,,,,,,,,,,,
160,160,100,150,155,155,10,,,coffee,,,                    coffee,,MedVeg,ShrubCrop,crop_coffee,coffee,coffee,100,,,,,,,,,,,,,,,,,,,,
161,160,100,150,156,156,10,,,cocoa,,,                    cocoa,,MedVeg,ShrubCrop,crop_cocoa,cocoa,cocoa,100,,,,,,,,,,,,,,,,,,,,
162,160,100,150,157,157,3,,,hemp or cannabis,,,                    hemp or cannabis,,MedVeg,ShrubCrop,crop_hemp,hemp,hemp,100,,,,,,,,,,,,,,,,,,,,
163,160,100,150,158,158,5,,,berries  (shrubs),,,                    berries (shrubs),,MedVeg,ShrubCrop,crop_berries,berries,berries,100,,,,,,,,,,,,,,,,,,,,
164,160,100,150,159,159,2,,,illicit shrub crop,,,                    illicit shurb crop,,MedVeg,ShrubCrop,crop_illicit,crop_illicit,crop_illicit,100,,,,,,,,,,,,,,,,,,,,
165,160,161,161,161,161,5,,shrub - noncrop,,,,              shrub - noncrop,,MedVeg,ShrubNat,shrub_nat,shrub_nat,shrub_nat,-100,,,,,,,,,,,,,,,,,,,,
166,160,161,162,162,162,5,,,natural shrubland,,,                    natural shrubland,,MedVeg,ShrubNat,shrub_nat,shrubland,shrubland,-100,,,,,,,,,,,,,,,,,,,,
167,160,161,163,163,163,5,,,"mixed urban vegetation (not grass, tree or ag)",,,"                    mixed urban vegetation (not grass, tree or ag)",        low urban vegetation (not grass or ag),MedVeg,ShrubNat,shrub_urban,shrub_urban,shrub_urban,-100,,,,,,,,,,,,,,,,,,,,
168,160,161,165,165,165,2,,,medium growth,,,                    medium growth,,MedVeg,ShrubNat,shrub_growth,shrub_growth,shrub_growth,-100,,,,,,,,,,,,,,,,,,,,
169,160,161,165,165,167,2,,,,shrub fallow or transitional medium regrowth,,                           shrub fallow or transitional medium regrowth,                area was previously higher veg and or non-natural low veg,MedVeg,ShrubNat,shrub_growth,shrub_growth,shrub_regrowth,-100,,,,,,,,,,,,,,,,,,,,
170,160,161,164,164,164,5,,,medium wet veg,,,                    medium wet veg,,MedVeg,ShrubNat,shrub_wet,shrub_wet,shrub_wet,-100,,,,,,,,,,,,,,,,,,,,
171,160,161,166,166,166,10,,,succulents,,,                   succulents,,MedVeg,ShrubNat,succulent,succulent,succulent,-100,,,,,,,,,,,,,,,,,,,,
172,160,161,169,169,169,0,,,burnt-woody,,,                    burnt-woody,"shrubs or trees burnt & browned during the year but does not appear cleared (if trees, recover within year, else 239)",MedVeg,ShrubNat,char_woody,char_woody,burnt_woody,-100,,,,,,,,,,,,,,,,,,,,
173,160,170,170,170,170,5,,Mixed Veg levels,,,,Mixed Veg levels ,,MedVeg,mixed lowHigh,mixed lowHigh,mixed lowHigh,mixed_lowHigh,-100,,,,,,,,,,,,,,,,,,,,
174,160,170,168,168,168,0,,,heavily shaded med to high vegetation,,,       heavily shaded med to high vegetation,"shaded by landscape or structures on ground, not clouds",MedVeg,mixed lowHigh,shaded_veg,shaded_veg,shaded_veg,-100,,,,,,,,,,,,,,,,,,,,
175,160,170,171,171,171,5,,,grassland with med or high vegetation,,,       grassland with med or high vegetation,grassland with any perceptible shrub or tree cover outside of normal grass definitions (e.g. savanna has up to 30% grass,,mixed lowHigh,mixed_grassHigh,mixed_grassHigh,mixed_grassHigh,-100,,,,,,,,,,,,,,,,,,,,
176,160,170,171,172,172,10,,,,dry woodland,,            dry woodland,"grass dominated ecosystem with 10-30% tree cover, in dry climates where this is considered forest",MedVeg,mixed lowHigh,mixed_grassHigh,grass_tree_dry,grass_tree_dry,-100,,,,,,,,,,,,,,,,,,,,
177,160,170,171,175,175,5,,,,grass with any evience of shrubs or trees,,            grass with any evience of shrubs or trees,"grass dominant, but not pure. doesn't fit into other cats. For purity samples targeting pure grass",MedVeg,mixed lowHigh,mixed_grassHigh,grass_impure,grass_impure,-100,,,,,,,,,,,,,,,,,,,,
178,160,170,171,176,176,10,,,,tropical or semi-tropical grassland with trees,,            tropical or semi-tropical grassland with trees,">30% trees & >30% grass, (30-70% closed canopy)",MedVeg,mixed lowHigh,mixed_grassHigh,grass_tree_mix,grass_tree_mix,-100,,,,,,,,,,,,,,,,,,,,
179,160,170,177,177,177,10,,,swidden agricultural system (intermittant forest and crop),,,      swidden agricultural system (intermittant forest and crop),"for maps with long temporal compilations (for short-range maps, use current state)",MedVeg,MedVeg,crop_swidden,crop_swidden,crop_swidden,-100,,,,,,,,,,,,,,,,,,,,
180,160,170,187,187,183,5,,,intercropping with shrubs,,,      intercropping with shrubs,e.g. for water management in the Sahel,MedVeg,MedVeg,crop_wshrub,crop_wshrub,crop_wshrub,100,,,,,,,,,,,,,,,,,,,,
181,160,170,173,173,173,5,,,vines,,,      vines,"dominant cover is vines,growing over >30% med or high veg",MedVeg,mixed lowHigh,vine,vine,vine,-100,,,,,,,,,,,,,,,,,,,,
182,160,170,177,177,178,5,,,,natural vines,,            natural vines,,MedVeg,mixed lowHigh,vine,vine_natural,vine_natural,-100,,,,,,,,,,,,,,,,,,,,
183,160,170,177,177,179,3,,,,invasive vines,,            invasive vines, (e.g. Kudzu),MedVeg,mixed lowHigh,vine,vine_invasive,vine_invasive,-100,,,,,,,,,,,,,,,,,,,,
184,160,170,174,174,174,5,,,mixed riparian vegetation,,,    mix of med or high and low veg along water way,"can contain some water or rocks, but mostly veg",MedVeg,mixed lowHigh,rip_mixed,rip_mixed,rip_mixed,-100,,,,,,,,,,,,,,,,,,,,
185,160,170,181,181,181,5,,,mixed highVeg and noVeg,,,    mixed highVeg and noVeg,,,mixed lowHigh,mixed_highNo,mixed_highNo,mixed_highNo,-100,,,,,,,,,,,,,,,,,,,,
186,160,170,181,184,184,10,,,,tree-water mix,,            tree-water mix - upland,"mixed 30-70% tree or highveg canopy, 30-70% water. (if trees are in water, use wetland categories. If >70% tree, use riparian forest. If >70% water, use water)",MedVeg,mixed lowHigh,highNo_mix,tree-water-mix,tree-water-mix,-100,,,,,,,,,,,,,,,,,,,,
187,160,170,181,181,186,5,,,,"mixed HighVeg, LowVeg and NoVeg",,"            mixed HighVeg, LowVeg and NoVeg",,,mixed lowHigh,mixed_highNoLow,mixed_highNoLow,mixed_highNoLow,-100,,,,,,,,,,,,,,,,,,,,
188,160,170,181,183,187,2,,,,young tree plantation,,             young tree plantation,1-2 yrs,HighVeg,mixed lowHigh,treeplant_young,treeplant_young,treeplant_young,-100,,,,,,,,,,,,,,,,,,,,
189,160,170,181,183,182,2,,,,,conifer,                    young conifer plantation,,HighVeg,mixed lowHigh,treeplant_young,treeplant_young_conifer,treeplant_young_conifer,-100,,,,,,,,,,,,,,,,,,,,
190,160,170,181,183,185,2,,,,,broadleaf,                   young broadleaf plantation ,,HighVeg,mixed lowHigh,treeplant_young,treeplant_young_broad,treeplant_young_broad,-100,,,,,,,,,,,,,,,,,,,,
191,160,170,181,211,211,3,,,,path through trees,,            path through trees,,Trees,Trees_open,tree_path,tree_path,tree_path,-100,,,,,,,,,,,,,,,,,,,,
192,180,180,180,180,180,3,HighVeg,,,,,HighVeg,,HighVeg,HighVeg_any,HighVeg_any,HighVeg_any,HighVeg_any,-100,,,,,,,,,,,,,,,,,,,,
193,180,188,188,188,188,3,,Immature trees - not managed,,,,             immature trees - not managed,3-5 yrs,HighVeg,Trees_young,trees_young,trees_young,trees_young,-100,,,,,,,,,,,,,,,,,,,,
194,180,170,170,189,189,3,,,shrub or tree encroachment,,,             shrub or tree encroachment,shrubs or tree dominating area that was formerly natural low veg ,MedVeg,ShrubNat,shrub_growth,shrub_growth,shrub_encroach,-100,,,,,,,,,,,,,,,,,,,,
195,200,200,200,200,200,10,Mature Trees,,,,,Mature Trees,"Trees  5 m tall, >20% total vegetation cover",Trees,Trees_any,Trees_any,Trees_any,Trees_any,-100,,,,,,,,,,,,,,,,,,,,
196,200,190,190,190,190,5,,Tree crops,,,,              Tree crops,,Trees,TreeCrop,treecrop_any,treecrop_any,treecrop_any,-100,,,,,,,,,,,,,,,,,,,,
197,200,190,191,191,191,5,,,Orchard,,,                   orchard,,Trees,TreeCrop,orchard,orchard_any,orchard_any,-100,,,,,,,,,,,,,,,,,,,,
198,200,190,191,192,192,5,,,,citrus,,                         citrus,,Trees,TreeCrop,orchard,orchard_citrus,orchard_citrus,-100,,,,,,,,,,,,,,,,,,,,
199,200,190,191,193,193,5,,,,pome or drupe,,                         pome or drupe,,Trees,TreeCrop,orchard,orchard_pome,orchard_pome,-100,,,,,,,,,,,,,,,,,,,,
200,200,190,191,194,194,5,,,,tree nuts,,                         tree nuts,,Trees,TreeCrop,orchard,orchard_nuts,orchard_nuts,-100,,,,,,,,,,,,,,,,,,,,
201,200,190,195,195,195,10,,,rubber,,,                         rubber,,Trees,TreeCrop,crop_rubber,rubber,rubber,-100,,,,,,,,,,,,,,,,,,,,
202,200,190,196,196,196,5,,,palm plantation,,,                   palm plantation,,Trees,TreeCrop,crop_palm,palm_plant_any,palm_plant_any,-100,,,,,,,,,,,,,,,,,,,,
203,200,190,199,199,199,5,,,,oil palm,,                         oil palm,,Trees,TreeCrop,crop_palm,palm_plant_oil,palm_plant_oil,-100,,,,,,,,,,,,,,,,,,,,
204,200,190,196,198,198,5,,,,coconut,,                         coconut,,Trees,TreeCrop,crop_palm,Palm_plant_coconut,palm_plant_coconut,-100,,,,,,,,,,,,,,,,,,,,
205,200,190,197,197,197,5,,,Trees-Orchard-closed,,,                   closed-canopy orchard,">80% tree cover, no gaps seen between trees",Trees,TreeCrop,orchard,orchard_closed,orchard_closed,-100,,,,,,,,,,,,,,,,,,,,
206,200,207,207,207,207,5,,TreePlant,,,,              TreePlant,"for maps with long temporal compilations(for short term maps, should use age cat)",Trees,TreePlant,treeplant,treeplant,treeplant,-100,,,,,,,,,,,,,,,,,,,,
207,200,207,217,217,217,5,,,TreePlant-mature,,,              tree plantation mature,>=3 years,Trees,TreePlant,treeplant_mature,treeplant_mature,treeplant_mature,-100,,,,,,,,,,,,,,,,,,,,
208,200,207,217,216,216,5,,,,open or sparse but mature,,                   open or sparse but mature,"unusually sparse for species, but persists more than 5 yrs",Trees,TreePlant,treeplant_mature,treeplant_open,treeplant_open,-100,,,,,,,,,,,,,,,,,,,,
209,200,207,217,202,202,5,,,,conifer,,                   conifer,,Trees,TreePlant,treeplant_mature,treeplant_conifer,treeplant_conifer,-100,,,,,,,,,,,,,,,,,,,,
210,200,207,217,203,203,10,,,,bamboo,,                   bamboo,TreePlant_dense,Trees,TreePlant,treeplant_mature,treeplant_bamboo,treeplant_bamboo,-100,,,,,,,,,,,,,,,,,,,,
211,200,207,217,205,205,10,,,,"broadleaf, contiguous or dense",,"                   broadleaf, contiguous or dense",,Trees,TreePlant,treeplant_mature,treeplant_broad,treeplant_dense,-100,,,,,,,,,,,,,,,,,,,,
212,200,207,217,205,206,10,,,,,eucalyptus,                             eucalyptus,,Trees,TreePlant,treeplant_mature,treeplant_broad,treeplant_eucalyptus,-100,,,,,,,,,,,,,,,,,,,,
213,200,207,217,205,209,10,,,,,teak,                             teak,,Trees,TreePlant,treeplant_mature,treeplant_broad,treeplant_teak,-100,,,,,,,,,,,,,,,,,,,,
214,200,207,217,205,208,10,,,,,paraiso or other local,                             paraiso or other local,,Trees,TreePlant,treeplant_mature,treeplant_broad,treeplant_other,-100,,,,,,,,,,,,,,,,,,,,
215,200,215,215,215,215,10,,Trees outside forest,,,,                 trees outside forest,,Trees,Trees_open,trees_open,trees_open,trees_open,-100,,,,,,,,,,,,,,,,,,,,
216,200,215,212,212,212,10,,,forest edge,,,                      forest edge," <10m from edge, but >50% tree cover in pixel (if edge is river, use riparian forest)",Trees,Trees_open,forest_edge,forest_edge,forest_edge,-100,,,,,,,,,,,,,,,,,,,,
217,200,215,213,213,213,10,,,residential or urban trees,,,                     residential or urban trees,,Trees,Trees_open,trees_dev,trees_dev,trees_dev,-100,,,,,,,,,,,,,,,,,,,,
218,200,214,214,214,214,10,,,baobab,,,                     baobab,,Trees,Trees_open,baobab,baobab,baobab,-100,,,,,,,,,,,,,,,,,,,,
219,200,215,218,218,218,5,,,cecropia or musanga,,,                     cecropia or musanga,fast-growing secondary forest trees,Trees,Trees_open,trees_second,trees_second,trees_second,-100,,,,,,,,,,,,,,,,,,,,
220,200,220,219,219,219,1,,,high-severity forest fire or burnt forest,,,                     high-severity forest fire or burnt forest,burning that reaches canopy and causes long term damage (otherwise 169),Trees,Forest,burnt_woody,forest_burn_high,forest_burn_high,-100,,,,,,,,,,,,,,,,,,,,
221,220,220,220,220,220,10,,Forest,,,,                 forest,,Trees,Forest,forest_any,forest_any,forest_any,-100,,,,,,,,,,,,,,,,,,,,
222,200,220,225,225,225,10,,,lower-density forest,,,                    lower-density forest,,Trees,Forest,forest_lowden,forest_lowden_any,forest_lowden_any,-100,,,,,,,,,,,,,,,,,,,,
223,200,220,225,221,221,10,,,,palm forest,,                            palm forest,>70% canopy closure of homogenous palm trees or other forest with prominent palms,Trees,Forest,forest_lowden,forest_palm,forest_palm,-100,,,,,,,,,,,,,,,,,,,,
224,200,220,225,222,222,10,,,,montane conifer forest,,                           montane conifer forest,,Trees,Forest,forest_lowden,forest_conifer_mt,forest_conifer_mt,-100,,,,,,,,,,,,,,,,,,,,
225,200,220,225,224,224,10,,,,montane broadleaf forest or cloud forest,,                            montane broadleaf forest or cloud forest,,Trees,Forest,forest_lowden,forest_cloud,forest_cloud,-100,,,,,,,,,,,,,,,,,,,,
226,200,220,225,228,228,10,,,,young broadleaf forest,,                            young broadleaf forest,> 5 and < 15 yrs,Trees,Forest,forest_lowden,forest_young,forest_young,-100,,,,,,,,,,,,,,,,,,,,
227,200,220,225,226,226,10,,,,shrub forest or thorn woodland,,                           shrub forest or thorn woodland,">70% crown cover when green, but has deciduous period (~sept)",Trees,Forest,forest_lowden,forest_shrub,forest_shrub,-100,,,,,,,,,,,,,,,,,,,,
228,200,220,225,227,227,10,,,,other open forest,,                           other open forest,Mature trees with gaps (>70% closed canopy) or,Trees,Forest,forest_lowden,forest_open,forest_open,-100,,,,,,,,,,,,,,,,,,,,
229,200,220,225,229,223,10,,,,degraded forest,,                           degraded forest,"still forest, but canopy has lost > 30% productive cover ",Trees,Forest,forest_lowden,forest_disturbed,forest_degraded,-100,,,,,,,,,,,,,,,,,,,,
230,200,220,225,229,229,10,,,,disturbed forest,,                           disturbed forest,"canopy of pixel intact, but direct neighbor recently lost canopy",Trees,Forest,forest_lowden,forest_disturbed,forest_disturbed,-100,,,,,,,,,,,,,,,,,,,,
231,200,220,225,230,230,5,,,forest with altered understory,,,                    forest with altered understory,>70% closed canopy,Trees,Forest,forest_under,forest_under,forest_under,-100,,,,,,,,,,,,,,,,,,,,
232,200,220,225,230,234,1,,,,low severity or understory burn in forest,,                           low severity or understory burn in forest,burning of ground & shrub layer only,Trees,Forest,forest_under,forest_burn_low,forest_burn_low,-100,,,,,,,,,,,,,,,,,,,,
233,220,220,225,230,233,1,,,,forest with understory fuel removed,,                           forest with understory fuel removed,,Trees,Forest,forest_under,forest_rmunder,forest_rmunder,-100,,,,,,,,,,,,,,,,,,,,
234,200,220,225,230,237,2,,,,agroforestry - crop understory,,                           agroforestry - crop understory,,Trees,Forest,forest_under,trees_agro,trees_agro,100,,,,,,,,,,,,,,,,,,,,
235,200,220,235,235,235,10,,,mature natural deciduous forest,,,                    mature natural deciduous forest,,Trees,Forest,forest_decid,forest_decid,forest_decid,-100,,,,,,,,,,,,,,,,,,,,
236,200,220,232,232,232,10,,,mature natural coniferous forest,,,                    mature natural coniferous forest,,Trees,Forest,forest_conifer,forest_conifer,forest_conifer,-100,,,,,,,,,,,,,,,,,,,,
237,200,220,236,236,236,10,,,mature natural bamboo forest,,,                    mature  natural bamboo forest,,Trees,Forest,forest_bamboo,forest_bamboo,forest_bamboo,-100,,,,,,,,,,,,,,,,,,,,
238,200,220,238,238,238,10,,,semi-deciduous forest,,,                    semi-deciduous forest,,Trees,Forest,forest_semidecid,forest_semidecid,forest_semidecid,-100,,,,,,,,,,,,,,,,,,,,
239,200,220,240,240,240,10,,,swamp (tree- or shrub-dominated wetland),,,                    swamp (tree- or shrub-dominated wetland),,Trees,Forest,forest_wet,forest_wet,forest_wet,-100,,,,,,,,,,,,,,,,,,,,
240,200,220,240,241,241,10,,,,freshwater swamp,,                          freshwater swamp,,Trees,Forest,forest_wet,swamp,swamp,-100,,,,,,,,,,,,,,,,,,,,
241,200,220,240,244,244,10,,,,mangrove,,                          mangrove,"coastal, salt or brackish water",Trees,Forest,forest_wet,mangrove,mangrove,-100,,,,,,,,,,,,,,,,,,,,
242,160,169,169,249,249,1,,,,burned or dead mangrove,,                          burned ordead mangrove,,MedVeg,ShrubNat,burned_woody,burned_mangrove,burned_mangrove,-100,,,,,,,,,,,,,,,,,,,,
243,200,220,250,250,250,10,,,"mature evergreen boradleaf forest, high density",,,"                     mature evergreen boradleaf forest, high density",">70% canopy closure of trees with large, heterogenous crowns",Trees,Forest,forest_highden,forest_highden_any,forest_highden_any,-100,,,,,,,,,,,,,,,,,,,,
244,200,220,250,251,251,10,,,,secondary evergreen broadleaf forest,,                               secondary evergreen broadleaf forest,15-30 yrs,Trees,Forest,forest_highden,forest_evergreen_broadleaf,forest_growing,-100,,,,,,,,,,,,,,,,,,,,
245,200,220,250,252,252,10,,,,mature evergreen broadleaf forest,,                               mature evergreen broadleaf forest,> 30 yrs,Trees,Forest,forest_highden,forest_evergreen_broadleaf,forest_mature,-100,,,,,,,,,,,,,,,,,,,,
246,200,220,250,254,254,10,,,,broadleaf riparian forest,,                               broadleaf riparian forest,"within 50 m of river, pixel is < 20% water (otherwise use tree-water mix (if water <80%) or water (if water >=80%) & > 70% forest (otherwise use forest_edge)",Trees,Forest,forest_highden,forest_evergreen_broadleaf,forest_riparian,-100,,,,,,,,,,,,,,,,,,,,
247,999,255,255,255,255,0,no_event,,,,,,For event or short-term condition mapping -- indicates that event orcondition did not occur,unknown,unknown,unknown,unknown,unknown,noData,,,,,,,,,,,,,,,,,,,,
248,999,999,999,999,999,0,unknown,,,,,unknown,no idea -- this is a placeholder for data checking and should be removed for all classification,unknown,unknown,unknown,unknown,unknown,noData,,,,,,,,,,,,,,,,,,,,
